{
    "artifacts": {
        "FlynnPluginTool-fedora": {
            "version": "v1.0.0",
            "type": "executable",
            "variants": [
                {
                    "path": "FlynnPluginTool-amd64/bin/FlynnPluginTool",
                    "supportedTriples": [
                        "x86_64-unknown-linux-gnu"
                    ]
                },
                {
                    "path": "FlynnPluginTool-arm64/bin/FlynnPluginTool",
                    "supportedTriples": [
                        "aarch64-unknown-linux-gnu",
                        "arm64-unknown-linux-gnu"
                    ]
                },
                {
                    "path": "FlynnPluginTool-macos/bin/FlynnPluginTool",
                    "supportedTriples": [
                        "x86_64-apple-macosx",
                        "arm64-apple-macosx"
                    ]
                },
            ]
        }
    },
    "schemaVersion": "1.0"
}
